zip,county_fips,county_name
94002,06081,San Mateo
94005,06081,San Mateo
94010,06081,San Mateo
94014,06081,San Mateo
94015,06081,San Mateo
94018,06081,San Mateo
94019,06081,San Mateo
94020,06081,San Mateo
94021,06081,San Mateo
94022,06085,Santa Clara
94024,06085,Santa Clara
94025,06081,San Mateo
94027,06081,San Mateo
94028,06081,San Mateo
94030,06081,San Mateo
94037,06081,San Mateo
94038,06081,San Mateo
94040,06085,Santa Clara
94041,06085,Santa Clara
94043,06085,Santa Clara
94044,06081,San Mateo
94060,06081,San Mateo
94061,06081,San Mateo
94062,06081,San Mateo
94063,06081,San Mateo
94065,06081,San Mateo
94066,06081,San Mateo
94070,06081,San Mateo
94074,06081,San Mateo
94080,06081,San Mateo
94085,06085,Santa Clara
94086,06085,Santa Clara
94087,06085,Santa Clara
94089,06085,Santa Clara
94102,06075,San Francisco
94103,06075,San Francisco
94104,06075,San Francisco
94105,06075,San Francisco
94107,06075,San Francisco
94108,06075,San Francisco
94109,06075,San Francisco
94110,06075,San Francisco
94111,06075,San Francisco
94112,06075,San Francisco
94114,06075,San Francisco
94115,06075,San Francisco
94116,06075,San Francisco
94117,06075,San Francisco
94118,06075,San Francisco
94121,06075,San Francisco
94122,06075,San Francisco
94123,06075,San Francisco
94124,06075,San Francisco
94127,06075,San Francisco
94128,06081,San Mateo
94129,06075,San Francisco
94130,06075,San Francisco
94131,06075,San Francisco
94132,06075,San Francisco
94133,06075,San Francisco
94134,06075,San Francisco
94158,06075,San Francisco
94188,06075,San Francisco
94301,06085,Santa Clara
94303,06085,Santa Clara
94304,06085,Santa Clara
94305,06085,Santa Clara
94306,06085,Santa Clara
94401,06081,San Mateo
94402,06081,San Mateo
94403,06081,San Mateo
94404,06081,San Mateo
94501,06001,Alameda
94502,06001,Alameda
94503,06055,Napa
94505,06013,Contra Costa
94506,06013,Contra Costa
94507,06013,Contra Costa
94508,06055,Napa
94509,06013,Contra Costa
94510,06095,Solano
94511,06013,Contra Costa
94512,06095,Solano
94513,06013,Contra Costa
94514,06013,Contra Costa
94515,06097,Sonoma
94516,06013,Contra Costa
94517,06013,Contra Costa
94518,06013,Contra Costa
94519,06013,Contra Costa
94520,06013,Contra Costa
94521,06013,Contra Costa
94523,06013,Contra Costa
94525,06013,Contra Costa
94526,06013,Contra Costa
94528,06013,Contra Costa
94530,06013,Contra Costa
94531,06013,Contra Costa
94533,06095,Solano
94534,06095,Solano
94535,06095,Solano
94536,06001,Alameda
94538,06001,Alameda
94539,06001,Alameda
94541,06001,Alameda
94542,06001,Alameda
94544,06001,Alameda
94545,06001,Alameda
94546,06001,Alameda
94547,06013,Contra Costa
94548,06013,Contra Costa
94549,06013,Contra Costa
94550,06001,Alameda
94551,06001,Alameda
94552,06001,Alameda
94553,06013,Contra Costa
94555,06001,Alameda
94556,06013,Contra Costa
94558,06055,Napa
94559,06055,Napa
94560,06001,Alameda
94561,06013,Contra Costa
94562,06055,Napa
94563,06013,Contra Costa
94564,06013,Contra Costa
94565,06013,Contra Costa
94566,06001,Alameda
94567,06055,Napa
94568,06001,Alameda
94569,06013,Contra Costa
94571,06095,Solano
94572,06013,Contra Costa
94573,06055,Napa
94574,06055,Napa
94575,06013,Contra Costa
94576,06055,Napa
94577,06001,Alameda
94578,06001,Alameda
94579,06001,Alameda
94580,06001,Alameda
94582,06013,Contra Costa
94583,06013,Contra Costa
94585,06095,Solano
94586,06001,Alameda
94587,06001,Alameda
94588,06001,Alameda
94589,06095,Solano
94590,06095,Solano
94591,06095,Solano
94592,06095,Solano
94595,06013,Contra Costa
94596,06013,Contra Costa
94597,06013,Contra Costa
94598,06013,Contra Costa
94599,06055,Napa
94601,06001,Alameda
94602,06001,Alameda
94603,06001,Alameda
94605,06001,Alameda
94606,06001,Alameda
94607,06001,Alameda
94608,06001,Alameda
94609,06001,Alameda
94610,06001,Alameda
94611,06001,Alameda
94612,06001,Alameda
94613,06001,Alameda
94618,06001,Alameda
94619,06001,Alameda
94621,06001,Alameda
94702,06001,Alameda
94703,06001,Alameda
94704,06001,Alameda
94705,06001,Alameda
94706,06001,Alameda
94707,06001,Alameda
94708,06013,Contra Costa
94709,06001,Alameda
94710,06001,Alameda
94720,06001,Alameda
94801,06013,Contra Costa
94803,06013,Contra Costa
94804,06013,Contra Costa
94805,06013,Contra Costa
94806,06013,Contra Costa
94901,06041,Marin
94903,06041,Marin
94904,06041,Marin
94920,06041,Marin
94922,06097,Sonoma
94923,06097,Sonoma
94924,06041,Marin
94925,06041,Marin
94928,06097,Sonoma
94929,06041,Marin
94930,06041,Marin
94931,06097,Sonoma
94933,06041,Marin
94937,06041,Marin
94938,06041,Marin
94939,06041,Marin
94940,06041,Marin
94941,06041,Marin
94945,06041,Marin
94946,06041,Marin
94947,06041,Marin
94949,06041,Marin
94950,06041,Marin
94951,06097,Sonoma
94952,06041,Marin
94954,06097,Sonoma
94956,06041,Marin
94957,06041,Marin
94960,06041,Marin
94963,06041,Marin
94964,06041,Marin
94965,06041,Marin
94970,06041,Marin
94971,06041,Marin
94972,06097,Sonoma
94973,06041,Marin
95002,06085,Santa Clara
95008,06085,Santa Clara
95013,06085,Santa Clara
95014,06085,Santa Clara
95020,06085,Santa Clara
95030,06085,Santa Clara
95032,06085,Santa Clara
95035,06085,Santa Clara
95037,06085,Santa Clara
95046,06085,Santa Clara
95050,06085,Santa Clara
95051,06085,Santa Clara
95053,06085,Santa Clara
95054,06085,Santa Clara
95070,06085,Santa Clara
95110,06085,Santa Clara
95111,06085,Santa Clara
95112,06085,Santa Clara
95113,06085,Santa Clara
95116,06085,Santa Clara
95117,06085,Santa Clara
95118,06085,Santa Clara
95119,06085,Santa Clara
95120,06085,Santa Clara
95121,06085,Santa Clara
95122,06085,Santa Clara
95123,06085,Santa Clara
95124,06085,Santa Clara
95125,06085,Santa Clara
95126,06085,Santa Clara
95127,06085,Santa Clara
95128,06085,Santa Clara
95129,06085,Santa Clara
95130,06085,Santa Clara
95131,06085,Santa Clara
95132,06085,Santa Clara
95133,06085,Santa Clara
95134,06085,Santa Clara
95135,06085,Santa Clara
95136,06085,Santa Clara
95138,06085,Santa Clara
95139,06085,Santa Clara
95140,06085,Santa Clara
95148,06085,Santa Clara
95391,06001,Alameda
95401,06097,Sonoma
95403,06097,Sonoma
95404,06097,Sonoma
95405,06097,Sonoma
95407,06097,Sonoma
95409,06097,Sonoma
95412,06097,Sonoma
95419,06097,Sonoma
95421,06097,Sonoma
95425,06097,Sonoma
95430,06097,Sonoma
95431,06097,Sonoma
95436,06097,Sonoma
95439,06097,Sonoma
95441,06097,Sonoma
95442,06097,Sonoma
95444,06097,Sonoma
95446,06097,Sonoma
95448,06097,Sonoma
95450,06097,Sonoma
95452,06097,Sonoma
95462,06097,Sonoma
95465,06097,Sonoma
95471,06097,Sonoma
95472,06097,Sonoma
95476,06097,Sonoma
95480,06097,Sonoma
95486,06097,Sonoma
95492,06097,Sonoma
95497,06097,Sonoma
95620,06095,Solano
95625,06095,Solano
95687,06095,Solano
95688,06095,Solano
