raw,expected
"Quillfern Robotics, Inc.",quillfern robotics
QUILLFERN ROBOTICS INC,quillfern robotics
Marrowgate Health Corporation,marrowgate health
Marrowgate Health Corp,marrowgate health
"The Browser Company of New York, Inc.",browser company of new york
Zellerfeld Shoe Co,zellerfeld shoe
"Bazze & Company, Inc.",bazze and
Highwater Wealth Management LLC\DE,highwater wealth management
"Acme Widgets, L.L.C.",acme widgets
Luke's Local Inc.,lukes local
"Ripple Foods, PBC",ripple foods
"Nimbus  Thistle   AI, Inc.",nimbus thistle ai
"Olden Labs, PBC",olden labs
Café Résumé Technologies Ltd.,cafe resume technologies
"Citcon Co., Ltd",citcon
Jaguar Health Inc /DE/,jaguar health
