sample_type,match_rule,tier,cik,company,company_street,company_city,company_zip5,employer_name,trade_name_dba,employer_address,employer_city,employer_state,employer_zip5,lca_count,example_job_title,correct
matched,1,high,0001640104,App Orchid Inc.,6111 BOLLINGER CANYON ROAD,SAN RAMON,94583,"APP ORCHID, INC",,"6111 BOLLINGER CANYON ROAD, BUILDING Y",SAN RAMON,CA,94583,4,PROJECT MANAGER,
matched,1,high,0002093784,"Aria Networks, Inc.","755 PAGE MILL ROAD, SUITE A-200",PALO ALTO,94304,"Aria Networks, Inc.",,755 Page Mill Road,Palo Alto,CA,94304,4,"Technical Product Manager, AI Infrastructure",
matched,1,high,0001853446,"Auditoria.AI, Inc.",3031 Tisch Way,San Jose,95128,"Auditoria.AI, Inc.",,3031 Tisch Way,San Jose,CA,95128,2,"Director, Product Management",
matched,1,high,0002031338,Brisk Labs Corp.,1465 RAVENSWOOD DRIVE,LOS ALTOS,94024,Brisk Labs Corp.,,1465 Ravenswood Drive,Los Altos,CA,94024,1,Software Engineer,
matched,1,high,0001809904,"Coreshell Technologies, Inc.",2020 WILLIAMS STREET,SAN LEANDRO,94577,"CORESHELL TECHNOLOGIES, INC.",,2020 Williams Street,San Leandro,CA,94577,9,Senior Process Engineer,
matched,1,high,0001931896,"Corvus Robotics, Inc.",355 PIONEER WAY,MOUNTAIN VIEW,94041,Corvus Robotics Inc.,,355 Pioneer Way,Mountain View,CA,94041,5,Product Implementation Engineer III,
matched,1,high,0002008800,"Dahlia Labs, Inc.",2401 OAKDALE RD.,HILLSBOROUGH,94010,Dahlia Labs Inc,,2401 Oakdale Rd.,Burlingame,CA,94010,1,Software Engineer,
matched,1,high,0002046014,"Donobu, Inc.",380 ALAMEDA DE LAS PULGAS,REDWOOD CITY,94062,"Donobu, Inc.",,380 Alameda de las Pulgas,Redwood City,CA,94062,1,Technical CEO,
matched,1,high,0001562446,"Everactive, Inc.",2150 Paragon Drive,SAN JOSE,95131,"Everactive, Inc.",,2150 Paragon Drive,San Jose,CA,95131,1,"Senior Principal Engineer, Cloud Software",
matched,1,high,0001752536,"Femtosense, Inc.",903 Sneath Lane,SAN BRUNO,94066,Femtosense Inc.,Femtosense,903 Sneath Ln.,San Bruno,CA,94066,5,Senior Deep Learning Engineer,
matched,1,high,0001686725,Groq LLC,"2700 Zanker Road, Suite 150",San Jose,95134,"Groq, Inc.",,2700 Zanker Road,San Jose,CA,95134,2,Accounting Manager,
matched,1,high,0002022295,"Halo Industries, Inc.",3270 SCOTT BLVD.,SANTA CLARA,95054,Halo Industries,,3270 Scott Blvd.,Santa Clara,CA,95054,2,Laser Process Engineer,
matched,1,high,0001829089,"Highnote Platform, Inc.","642 HARRISON STREET, SUITE 100",SAN FRANCISCO,94107,"Highnote Platform, Inc.",,642 Harrison Street,San Francisco,CA,94107,28,"Software Engineer, Core Services",
matched,1,high,0002155699,Ironsite AI Inc.,118 KING STREET,SAN FRANCISCO,94107,Ironsite AI Inc.,,118 King Street,San Francisco,CA,94107,2,Senior Infrastructure Engineer,
matched,1,high,0001854188,"Kevala, Inc.","550 CALIFORNIA STREET, SUITE 625",SAN FRANCISCO,94104,"Kevala, Inc.",,550 California Street,San Francisco,CA,94104,5,Senior Data Engineer,
matched,1,high,0002080312,"Matic Robots, Inc.",339 N BERNARDO AVENUE,MOUNTAIN VIEW,94043,"Matic Robots, Inc.",,339 North Bernardo Avenue,Mountain View,CA,94043,38,Research Engineer,
matched,1,high,0002046192,"Mojave Energy Systems, Inc.",623 N PASTORIA AVE,SUNNYVALE,94085,"Mojave Energy Systems, Inc",,623 North Pastoria Avenue,Sunnyvale,CA,94085,1,Senior Product Engineer (Mechanical Engineer),
matched,1,high,0002031748,Obvio Inc.,934 WASHINGTON ST.,SAN CARLOS,94070,Obvio Inc,,934 Washington St,San Carlos,CA,94070,5,Lead Embedded Engineer,
matched,1,high,0001703427,"OneSkin, Inc.",953 INDIANA STREET,SAN FRANCISCO,94107,"OneSkin, Inc.",,953 Indiana St,San Francisco,CA,94107,1,Senior Research Associate,
matched,1,high,0001469367,Sunrun Inc.,"600 CALIFORNIA STREET, SUITE 1800",SAN FRANCISCO,94108,"Sunrun, Inc.",,600 California Street,San Francisco,CA,94108,56,Staff QA/DevOps Software Engineer,
matched,1,high,0002068907,"Tandem App, Inc.",490 POST STREET,SAN FRANCISCO,94102,Tandem App Inc.,,490 Post St.,San Francisco,CA,94102,1,Chief Executive Officer,
matched,1,high,0001651006,Teamblind Inc.,710 Lakeway Drive,Sunnyvale,94085,Teamblind Inc.,,710 Lakeway Drive,Sunnyvale,CA,94085,1,Senior Data Analyst,
matched,1,high,0002002695,X.AI CORP.,216 PARK ROAD,PALO ALTO,94304,X.AI Corp.,,216 Park Road,Burlingame,CA,94010,14,Principal ML Engineer,
matched,1,high,0001992584,"nEye Systems, Inc.",5980 Horton Street,Santa Clara,95054,"nEye Systems, Inc.",,5980 Horton Street,Emeryville,CA,94608,3,Test Engineer,
matched,2,high,0001803829,"Arize AI, Inc.",740 EDGEWOOD AVE.,MILL VALLEY,94941,"Arize AI, Inc.",,3527 Mt. Diablo Blvd.,Lafayette,CA,94549,2,Developer Relations Engineer,
matched,2,high,0001853446,"Auditoria.AI, Inc.",3031 Tisch Way,San Jose,95128,"Auditoria.AI, Inc.",,2755 Great America Way,Santa Clara,CA,95054,4,Data and AI Analyst,
matched,2,high,0002033624,"Beacon AI, Inc.",655 SKYWAY RD. #15,SAN CARLOS,94070,"Beacon AI, Inc.",,2001 Union Street,San Francisco,CA,94123,1,Senior Software Engineer,
matched,2,high,0001863299,"Collective Hub, Inc.",548 Market Street,SAN FRANCISCO,94104,"Collective Hub, Inc.",,"660 4th Street, #136",San Francisco,CA,94107,1,Staff Frontend Engineer,
matched,2,high,0002043374,"Decagon AI, Inc.",2261 MARKET STREET #5378,SAN FRANCISCO,94114,"Decagon AI, Inc.",,39 Stillman Street,San Francisco,CA,94107,1,Deployment Strategist,
matched,2,high,0002048250,"Fourier Earth, Inc.",221 & 223 Forest Avenue,Palo Alto,94301,"Fourier Earth, Inc.",Fourier,1904 Colony St.,Mountain View,CA,94043,6,Manufacturing Engineer,
matched,2,high,0001974654,Harvey AI Corp,575 Market Street,SAN FRANCISCO,94103,Counsel AI Corporation,,201 3rd Street,San Francisco,CA,94103,1,Software Engineer,
matched,2,high,0001893901,Haus Analytics Inc.,246 HAMILTON AVE.,MOUNTAIN VIEW,94043,"Haus Analytics, Inc",,75 Federal St,San Francisco,CA,94107,3,Software Engineer,
matched,2,high,0001772673,Hayden AI Technologies Inc.,460 Bryant Street,San Francisco,94107,"Hayden AI Technologies, Inc.",Not Applicable,484 9th Street,Oakland,CA,94607,3,Software Engineer,
matched,2,high,0001829089,"Highnote Platform, Inc.","642 HARRISON STREET, SUITE 100",SAN FRANCISCO,94107,"Highnote Platform, Inc.",,350 Bush St.,San Francisco,CA,94104,6,Senior Software Engineer,
matched,2,high,0001837477,"Luminary Cloud, Inc.",101 S ELLSWORTH AVE. SUITE 250,SAN MATEO,94401,"Luminary Cloud, Inc.",,"500 Arguello Street, Suite 105",Redwood City,CA,94063,2,Founding Engineer,
matched,2,high,0001762155,MaintainX Inc.,"535 Mission Street, Suite 1821",SAN FRANCISCO,94105,"MaintainX, Inc.",,185 Clara St,San Francisco,CA,94107,2,Chief of Staff,
matched,2,high,0001750284,"Olema Pharmaceuticals, Inc.",780 BRANNAN STREET,SAN FRANCISCO,94103,"Olema Pharmaceuticals, Inc.",Olema Oncology,512 2nd St,San Francisco,CA,94107,5,Senior Director Financial Planning and Accounting,
matched,2,high,0001799862,OneLook Inc.,"800 W. EL CAMINO REAL, SUITE 180",MOUNTAIN VIEW,94040,"OneLook, Inc.",Lily AI,444 Castro Street,Mountain View,CA,94041,1,Director of Product Management,
matched,2,high,0002030751,"Promptfoo, Inc.",1405 S DELAWARE STREET,SAN MATEO,94402,Promptfoo Inc,,107 S B St,San Mateo,CA,94401,1,Software Engineer,
matched,2,high,0002020139,"Q Bio, Inc.",1411 INDUSTRIAL ROAD,SAN CARLOS,94041,"Q Bio, Inc.",,1411 Industrial Road,San Carlos,CA,94070,6,Senior Machine Learning Scientist,
matched,2,high,0000883241,SYNOPSYS INC,675 Almanor Ave.,Sunnyvale,94085,"Synopsys, Inc.",Elec. Design Automation Tools,690 E. Middlefield Road,Mountain View,CA,94043,80,Solutions Engineer,
matched,2,high,0001988121,Sampark Inc.,970 Hayes St,San Francisco,94117,"Sampark, Inc.",,2 Bryant Steet,San Francisco,CA,94105,2,Founder's Office,
matched,2,high,0002044460,"Tilt Five, Inc.",41688 CHRISTY STREET,FREMONT,94538,"Tilt Five, Inc.",,48531 Warm Springs Blvd,Fremont,CA,94539,1,Senior Software Engineer,
matched,2,high,0001951121,Union Credit Inc.,427 Mendocino Avenue,SANTA ROSA,95401,"Union Credit, Inc.",,2539 Grosse Avenue,Santa Rosa,CA,95404,1,Software Engineer,
matched,2,high,0002105009,"Vasona Technologies, Inc.",2986 HELMSLEY DR.,SAN JOSE,95132,"Vasona Technologies, Inc.",HiringCafe,19800 Vallco Pkwy,Cupertino,CA,95014,1,Member of the Technical Staff,
matched,2,high,0002007729,"Vidoso, Inc.",1060 RINGWOOD AVE.,MENLO PARK,94025,Vidoso Inc.,,2445 Augustine Dr.,Santa Clara,CA,95054,1,Principal Software Engineer,
matched,2,high,0001900805,"uplift labs, inc.",2656 W. EL CAMINO REAL #1427,MOUNTAIN VIEW,94040,"Uplift Labs, Inc.",,3000 El Camino Real,Palo Alto,CA,94306,1,Statistician,
matched,3,medium,0002032488,"Alpha Design AI, Inc.","6280 America Center Drive, Suite 200",San Jose,95002,"Alpha Design AI, Inc.",ChipAgents,110 Castilian Drive,Goleta,CA,93117,4,Sr. Staff Software Engineer,
matched,3,medium,0001943281,BoxPower Inc.,12438 LOMA RICA DR,GRASS VALLEY,94945,BoxPower Inc.,,12438 Loma Rica Drive,Grass Valley,CA,95945,2,Product Engineer,
matched,3,medium,0001943281,BoxPower Inc.,12438 LOMA RICA DR,GRASS VALLEY,94945,"BoxPower, Inc.",,12438 Loma Rica Dr,Grass Valley,CA,95945,2,Project Engineer,
matched,3,medium,0001944457,FlowFuse Inc.,"548 MARKET STREET, PMB 24889",SAN FRANCISCO,94104,FLOWFORGE INC,FLOWFUSE,548 Market Street,San Francisco,CA,94120,1,Head of Technology,
matched,3,medium,0001974654,Harvey AI Corp,575 Market Street,SAN FRANCISCO,94103,Counsel AI Corporation,Harvey AI,322 Culver Blvd.,Playa Del Rey,CA,90293,8,Software Engineer,
matched,3,medium,0001567664,"NATRON ENERGY, INC.",3542 BASSETT STREET,SANTA CLARA,95054,Natron Energy Inc.,,3542 Bassett Street,Santa Clara,CA,95052,1,"VP, Quality and Reliability",
matched,3,medium,0001983882,Numeral Two Inc.,527 HOWARD ST,SAN FRANCISCO,94105,"Numeral Two, Inc.",,440 N Barranca Ave,Covina,CA,91723,1,Business Operations Manager,
matched,3,medium,0002149647,"Obsidian Security, Inc.",577 COLLEGE AVE,PALO ALTO,94306,"Obsidian Security, Inc.",,680 Newport Center Dr,Newport Beach,CA,92660,10,Senior Customer Success Manager,
matched,3,medium,0001995133,"Persona AE, Inc.",717 Cole St,San Francisco,94117,"Persona AE, Inc.",,15332 Antioch Street,Pacific Palisades,CA,90272,2,Machine Learning Engineer,
matched,3,medium,0001844768,Whatnot Inc.,2261 Market Street,SAN FRANCISCO,94114,Whatnot Inc.,,8840 Washington Blvd.,Culver City,CA,90232,105,Software Engineer,
matched,3,medium,0001844768,Whatnot Inc.,2261 Market Street,SAN FRANCISCO,94114,Whatnot Inc.,,578 Washington Boulevard,Marina del Rey,CA,90292,7,Staff Software Engineer,
matched,3,medium,0001893252,X-Therma Inc.,625 ALFRED NOBEL DR.,HERCULES,94547,X-Therma Inc,X-Therma Inc,2600 Hilltop Drive,Richmond,CA,98406,1,Process Engineer,
matched,4,medium,0002023832,"Escalante Bioscience, Inc.",953 INDIANA ST.,SAN FRANCISCO,94107,"Escalante Biosciences, Inc.",,953 Indiana Street,San Francisco,CA,94107,3,Senior Research Associate,
unmatched,,,0001995105,"Above Data, Inc.",106 LINCOLN BLVD,SAN FRANCISCO,94129,,,,,,,,,
unmatched,,,0001870952,"Ashbrook Technologies, Inc.",601 CALIFORNIA STREET,SAN FRANCISCO,94108,,,,,,,,,
unmatched,,,0002125497,Attuned Corp.,2261 MARKET STREET,SAN FRANCISCO,94114,,,,,,,,,
unmatched,,,0002063071,Autonomy Bio Inc.,512 2ND STREET,SAN FRANCISCO,94107,,,,,,,,,
unmatched,,,0002092362,"Bloc Wines, Inc.",154 Sage Way,Napa,94559,,,,,,,,,
unmatched,,,0002042842,Bramo Inc.,2261 MARKET ST,San Francisco,94114,,,,,,,,,
unmatched,,,0001772853,"Cashfree, Inc.",355 Bryant Street,San Francisco,94107,,,,,,,,,
unmatched,,,0002082045,"Decade, Inc.",800 W EL CAMINO REAL,MOUNTAIN VIEW,94040,,,,,,,,,
unmatched,,,0002136541,Dynamic Creatures Inc.,584 CASTRO STREET,SAN FRANCISCO,94114,"Dynamic Research, Inc.",,355 Van Ness Ave.,Torrance,CA,90501,1,Sr. Test Engineer,
unmatched,,,0002094877,Empowering Change Public Benefit Corp INC,18 MANOR DR,PIEDMONT,94611,,,,,,,,,
unmatched,,,0002052632,Euphonic AI Inc.,2323 BROADWAY,OAKLAND,94612,,,,,,,,,
unmatched,,,0001980211,"Glazier Software, Inc.","1 Sansome St, Suite 3500",San Francisco,94104,,,,,,,,,
unmatched,,,0002037449,Human Computer Game Corp,9240 OLD REDWOOD HIGHWAY,WINDSOR,95492,"Western Mesquite Mines, Inc.",Human Resources Manager,6502 East US Highway 78,Brawley,CA,92227,2,Senior Metallurgist,
unmatched,,,0002026465,"Intolerant Antibodies, Inc.",329 OYSTER POINT BLVD. 3RD FLOOR,SOUTH SAN FRANCISCO,94080,,,,,,,,,
unmatched,,,0002082734,"MaiTRICS, Inc.",533 AIRPORT BLVD SUITE 400,BURLINGAME,94010,,,,,,,,,
unmatched,,,0002093202,"Matcha Holdings, Inc.","405 DAVIS CT, APT 2302",SAN FRANCISCO,94111,,,,,,,,,
unmatched,,,0002042159,"Outbuild Technologies, Inc.","2021 Fillmore Street, #1043",San Francisco,94115,,,,,,,,,
unmatched,,,0002017913,"Plutoshift AI, Inc.",3736 FALLON ROAD,DUBLIN,94568,,,,,,,,,
unmatched,,,0001926833,"Serif Health Management, Inc.",2261 Market Street,San Francisco,94114,,,,,,,,,
unmatched,,,0001668322,"Williams Learning Solutions, Inc.","809 Laurel Street, #7017",SAN CARLOS,94070,"WILLIAMS-SONOMA, INC.",,3250 VAN NESS AVENUE,SAN FRANCISCO,CA,94109,2,"GENERAL OPERATIONS MANAGER, SUPPLY CHAIN ANALYTICS & PROF.",
